Mord ist ihr Hobby,01.1/1,A 1
Mord ist ihr Hobby,01.1/2,A 2
Mord ist ihr Hobby,01.1/3,A 3
Mord ist ihr Hobby,01.2/1,A 4
Mord ist ihr Hobby,01.2/2,A 5
Mord ist ihr Hobby,01.2/3,A 6
Mord ist ihr Hobby,02.1/1,A 7
Mord ist ihr Hobby,02.1/2,A 8
Mord ist ihr Hobby,02.1/3,A 9
Mord ist ihr Hobby,02.2/1,A 10
Mord ist ihr Hobby,02.2/2,A 11
Mord ist ihr Hobby,02.2/3,A 12
Mord ist ihr Hobby,03.1/1,A 13
Mord ist ihr Hobby,03.1/2,A 14
Mord ist ihr Hobby,03.1/3,A 15
Mord ist ihr Hobby,03.2/1,A 16
Mord ist ihr Hobby,03.2/2,A 17
Mord ist ihr Hobby,03.2/3,A 18
Mord ist ihr Hobby,04.1/1,A 19
Mord ist ihr Hobby,04.1/2,A 20
Mord ist ihr Hobby,04.1/3,A 21
Mord ist ihr Hobby,04.2/1,A 22
Mord ist ihr Hobby,04.2/2,A 23
Mord ist ihr Hobby,04.2/3,A 24
Mord ist ihr Hobby,05.1/1,A 25
Mord ist ihr Hobby,05.1/2,A 26
Mord ist ihr Hobby,05.1/3,A 27
Mord ist ihr Hobby,05.2/1,A 28
Mord ist ihr Hobby,05.2/2,A 29
Mord ist ihr Hobby,05.2/3,A 30
Mord ist ihr Hobby,06.1/1,A 31
Mord ist ihr Hobby,06.1/2,A 32
Mord ist ihr Hobby,06.1/3,A 33
Mord ist ihr Hobby,06.2/1,A 34
Mord ist ihr Hobby,06.2/2,A 35
Mord ist ihr Hobby,06.2/3,A 36
Mord ist ihr Hobby,07.1/1,A 37
Mord ist ihr Hobby,07.1/2,A 38
Mord ist ihr Hobby,07.1/3,A 39
Mord ist ihr Hobby,07.2/1,A 40
Mord ist ihr Hobby,07.2/2,A 41
Mord ist ihr Hobby,07.2/3,A 42
Mord ist ihr Hobby,08.1/1,A 43
Mord ist ihr Hobby,08.1/2,A 44
Mord ist ihr Hobby,08.1/3,A 45
Mord ist ihr Hobby,08.2/1,A 46
Mord ist ihr Hobby,08.2/2,A 47
Mord ist ihr Hobby,08.2/3,A 48
Mord ist ihr Hobby,09.1/1,A 49
Mord ist ihr Hobby,09.1/2,A 50
Mord ist ihr Hobby,09.1/3,A 51
Mord ist ihr Hobby,09.2/1,A 52
Mord ist ihr Hobby,09.2/2,A 53
Mord ist ihr Hobby,09.2/3,A 54
Mord ist ihr Hobby,10.1/1,A 55
Mord ist ihr Hobby,10.1/2,A 56
Mord ist ihr Hobby,10.1/3,A 57
Mord ist ihr Hobby,10.2/1,A 58
Mord ist ihr Hobby,10.2/2,A 59
Mord ist ihr Hobby,10.2/3,A 60
Mord ist ihr Hobby,11.1/1,A 61
Mord ist ihr Hobby,11.1/2,A 62
Mord ist ihr Hobby,11.1/3,A 63
Mord ist ihr Hobby,11.2/1,A 64
Mord ist ihr Hobby,11.2/2,A 65
Mord ist ihr Hobby,11.2/3,A 66
Mord ist ihr Hobby,12.1/1,A 67
Mord ist ihr Hobby,12.1/2,A 68
Mord ist ihr Hobby,12.1/3,A 69
Mord ist ihr Hobby,12.2/1,A 70
Mord ist ihr Hobby,12.2/2,A 71
Mord ist ihr Hobby,12.2/3,A 72
Miss Marple - 16 Uhr 50 ab Paddington,M. Rutherford,A 73
Miss Marple - Mörder Ahoi,M. Rutherford,A 74
Miss Marple - Der Wachsblumenstrauß,M. Rutherford,A 75
Miss Marple - Vier Frauen und ein Mord,M. Rutherford,A 76
Miss Marple - Die Tote in der Bibliothek,J. Hickson (BBC),A 77
Miss Marple - Die Schattenhand,J. Hickson (BBC),A 77
Miss Marple - Ein Mord wird angekündigt,J. Hickson (BBC),A 78
Miss Marple - Das Geheimnis der Goldmine,J. Hickson (BBC),A 78
Miss Marple - Mord im Pfarrhaus,J. Hickson (BBC),A 79
Miss Marple - Ruhe unsanft,J. Hickson (BBC),A 79
Miss Marple - Das Schicksal in Person,J. Hickson (BBC),A 80
Miss Marple - Bertrams Hotel,J. Hickson (BBC),A 80
Miss Marple - 16 Uhr 50 ab Paddington,J. Hickson (BBC),A 81
Miss Marple - Karibische Affäre,J. Hickson (BBC),A 81
Miss Marple - They do it with mirrors,J. Hickson (BBC),A 82
Miss Marple - The mirror crack'd from side to side,J. Hickson (BBC),A 82
Mord im Orientexpress,2017,A 83
Dr. Dolittle 1,,A 84
Dr. Dolittle 2,,A 85
Dr. Dolittle 3,,A 86
Lissi und der wilde Kaiser,,A 87
Traumschiff Surprise - Periode 1,,A 88
Der Schuh des Manitu,,A 89
"Hui Buh, das Schlossgespenst",,A 90
Wickie und die starken Männer,Bully,A 91
Kevin allein zu Haus,,A 92
Ein Schweinchen namens Babe,,A 93
"Deine, meine & unsere",,A 94
Der rosarote Panther 1,,A 95
Der rosarote Panther 2,,A 96
Monsieur Claude und seine Töchter,,A 97
Kein Pardon,,A 98
Willkommen bei den Sch'tis,,A 99
1 1/2 Ritter auf der Suche nach der hinreißenden Herzelinde,,A 100
7 Zwerge - Männer allein im Wald,,A 101
Ostfriesisch für Anfänger,,A 102
Fack ju Göhte,,A 103
Das Pubertier,,A 104
Vatertage - Opa über Nacht,,A 105
Er ist wieder da,,A 106
Horst Schlämmer - Isch kandidiere!,,A 107
Mein Name ist Nobody,,A 108
Robinson Jr.,,A 109
Peter Pan,Disney,A 110
Die Eiskönigin - Völlig unverfroren,,A 111
Die Eiskönigin - Version zum Mitsingen,,A 112
Die Eiskönigin - Olaf taut auf,"mit Kurzfilm ""Partyfieber""",A 113
Rapunzel neu verföhnt,,A 114
Alice im Wunderland,Disney Zeichentrick,A 115
Alice im Wunderland,Disney Spielfilm,A 116
Ratatouille,,A 117
Merida,,A 118
Mary Poppins,Disc 1 mit Hauptfilm,A 119
Mary Poppins,Disc 2 mit Extras,A 120
Mary Poppins' Rückkehr,,A 121
Die Schöne und das Biest,Disney Zeichentrick,A 122
Maleficent [1] Die dunkle Fee,,A 123
Cinderella,Disney Spielfilm,A 124
Saving Mr. Banks,,A 125
Christopher Robin,Disney Spielfilm,A 126
Meisterschaft im Seitensprung,Doris Day (Don't eat the Daisies),A 127
Caprice,"Doris Day / falsch bedruckt mit ""Eine zuviel im Bett""",A 128
Eine zuviel im Bett,"Doris Day / falsch bedruckt mit ""Caprice""",A 129
Bitte nicht stören,Doris Day (Umzug nach England),A 130
Schick mir keine Blumen,Doris Day (Hypochondrie),A 131
Bettgeflüster,Doris Day (Ex-Rex),A 132
Ein Pyjama für zwei,Doris Day (VIP),A 133
Dinner for One,,A 134
Ödipussi,Loriot,A 135
Pappa ante portas,Loriot,A 136
Herricht & Preil - Die besten Sketche,,A 137
Der Baulöwe,R. Herricht,A 138
Bean - Der ultimative Katastrophenfilm,,A 139
Ferienspaß mit Mr. Bean,,A 140
Brust oder Keule,Louis de Funès,A 141
"Onkel Paul, die große Pflaume",Louis de Funès,A 142
"Balduin, das Nachtgespenst",Louis de Funès,A 143
Die große Sause,Louis de Funès,A 144
Peanuts - Der Film,,A 145
Operation: Nussknacker,,A 146
Pippi,langer Zeichentrickfilm,A 147
Pippi außer Rand und Band,Spielfilm mit Inger Nilsson,A 148
Hier kommt Lola,,A 149
Mister Twister,,A 150
Pittiplatsch im Koboldland,Teil 4 / DVD 1,A 151
Pittiplatsch im Koboldland,Teil 4 / DVD 2,A 152
Unser Sandmännchen,7 spannende Episoden mit Hrn. Fuchs & Fr. Elster,A 153
Geschichten aus dem Märchenwald,Teil 1,A 154
Geschichten aus dem Märchenwald,Teil 2,A 155
Geschichten aus dem Märchenwald,Teil 3,A 156
Geschichten aus dem Märchenwald,Teil 4,A 157
Heidi,Spielfilm 2015,A 158
Bibi Blocksberg,Spielfilm,A 159
Bibi Blocksberg und das Geheimnis der blauen Eulen,,A 160
Pünktchen und Anton,"""das Original""",A 161
Pünktchen und Anton,2010,A 162
Kampf der Kobolde,Disc 1,A 163
Kampf der Kobolde,Disc 2,A 164
Eine zauberhafte Nanny,,A 165
Eine zauberhafte Nanny - ... neues Abenteuer,,A 166
Die wilden Hühner,,A 167
Justin - Völlig verrittert,,A 168
Herr Figo [1] und das Geheimnis der Perlenfabrik,,A 169
Herr Figo [2] auf der Suche nach dem verlorenen Zahn,,A 170
Tim und Struppi,Das Geheimnis der Einhorn,A 171
Der kleine Prinz,Zeichentrick,A 172
Dinosaurier,Disney,A 173
Konferenz der Tiere,,A 174
Mein Freund der Delfin,,A 175
Felix - Ein Hase auf Weltreise,,A 176
"Lars, der kleine Eisbär",,A 177
Michel in der Suppenschüssel,Spielfilm,A 178
Happy Feet,,A 179
Horton hört ein Hu!,,A 180
Wickie und die starken Männer,2 Zeichentrick-Folgen,A 181
Belle und Sebastian,,A 182
Free Willy [1] Ruf der Freiheit,,A 183
Free Willy [2] Rettung aus der Piratenbucht,,A 184
Rocca verändert die Welt,,A 185
Kedi - Von Katzen und Menschen,,A 186
Schweinchen Wilbur und seine Freunde,"""Charlotte's Web""",A 187
Spiderwicks,,A 188
Das Hundehotel,,A 189
Hook,,A 190
Die Schneekönigin [1],Zeichentrick,A 191
Die Schneekönigin [2],Zeichentrick,A 192
Robinson Crusoe,Zeichentrick,A 193
"Mein Freund, der Wasserdrache",,A 194
Die Schöne und das Biest,Spielfilm,A 195
Die fantastische Welt von Oz,Disney Spielfilm,A 196
Der Fuchs und das Mädchen,,A 197
Das Geheimnis der Mondprinzessin,,A 198
Das magische Buch von Arkandias,,A 199
Schneewittchen,DEFA Farbfilm,A 203
Schneeweißchen und Rosenrot,DEFA Farbfilm,A 201
Das tapfere Schneiderlein,DEFA Farbfilm,A 202
Die Geschichte vom kleinen Muck,DEFA Farbfilm,A 200
Spieglein Spieglein,,A 204
Der Hobbit [1] Eine unerwartete Reise,,A 205
Der Hobbit [2] Smaugs Einöde,,A 206
Der Hobbit [3] Die Schlacht der fünf Heere,,A 207
Herr der Ringe [1] Die Gefährten,,A 208
Herr der Ringe [2] Die zwei Türme,,A 209
Herr der Ringe [3] Die Rückkehr des Königs,"(Film vollst. auf Disc 1, keine Disc 2)",A 210
Phantastische Tierwesen und wo sie zu finden sind,,A 211
Grindelwalds Verbrechen,,A 212
Harry Potter [1] und der Stein der Weisen,,A 213
Harry Potter [2] und die Kammer des Schreckens,,A 214
Harry Potter [3] und der Gefangene von Askaban,,A 215
Harry Potter [4] und der Feuerkelch,,A 216
Harry Potter [5] und der Orden des Phönix,,A 217
Harry Potter [6] und der Halbblutprinz,,A 218
Harry Potter [7] und die Heiligtümer des Todes,Teil 1,A 219
Harry Potter [7] und die Heiligtümer des Todes,Teil 2,A 220
Flicka,Teil 1 & Teil 2,A 221
Flicka,Teil 3,A 222
Ruf der Pferde - Ein Mädchen folgt seinem Herzen,,A 223
Pferde-Collection,3 Filme,A 224
Ostwind [1] Zusammen sind wir frei,,A 225
Ostwind [2],,A 226
Ostwind [3] Aufbruch nach Ora,,A 227
Motiviere dein Pferd,,A 228
Black Beauty,Disc 1,A 229
Black Beauty,Disc 2,A 230
Für immer beste Freunde,,A 231
"Elefant, Tiger & Co. - Alle suchen Elfriede",DVD 1,A 232
"Elefant, Tiger & Co. - Alle suchen Elfriede",DVD 2,A 233
Spaniens letzte Luchse,,A 234
Wissen macht Ah! [2] Tierisch ekelig!,,A 236
Wissen macht Ah! [1] Bis der Arzt kommt!,,A 235
Wissen macht Ah! [3] Unbekannte Welten!,,A 237
Wissen macht Ah!,Thema: Luft,A 238
Die erstaunliche Welt der Tiere,DVD 1,A 242
Die erstaunliche Welt der Tiere,DVD 2,A 243
Anna - Der Film,,A 244
Anna,DVD 1,A 245
Anna,DVD 2,A 246
Die Verlegerin,,A 247
Die Alleinseglerin,,A 248
Liebe geht durch alle Zeiten [1] Rubinrot,,A 249
Liebe geht durch alle Zeiten [2] Saphirblau,,A 250
Liebe geht durch alle Zeiten [3] Smaragdgrün,,A 251
Mara und der Feuerbringer,,A 252
Die unendliche Geschichte,,A 253
Das ist erst der Anfang! - Mission Ruhestand,,A 254
La Bohème,Puccini / mit Anna Netrebko,A 255
Feet of Flames,Michael Flatley,A 256
Lord of the Dance,Michael Flatley,A 257
Wir können auch anders,,A 258
Der mit dem Wolf tanzt,,A 259
Jenseits von Afrika,,A 260
Die Ritter der Kokosnuss,Monty Python,A 261
Das Leben des Brian,Monty Python,A 262
Forrest Gump,,A 263
Auf der Suche nach dem goldenen Kind,,A 264
Honig im Kopf,,A 265
The Circle,,A 266
Sylvia - Eine Klasse für sich,1/1-3,A 267
Sylvia - Eine Klasse für sich,1/4-8,A 268
Sylvia - Eine Klasse für sich,1/9-13,A 269
Sylvia - Eine Klasse für sich,2/14-18,A 270
Sylvia - Eine Klasse für sich,2/19-21,A 271
Sylvia - Eine Klasse für sich,2/22-26,A 272
Der Ruf des Herzens - Verbranntes Land,,A 273
Helden aus der zweiten Reihe,,A 274
Speed,,A 275
The DaVinci Code,,A 276
The Huntsman & the Ice Queen,,A 277
Who's afraid of Virginia Woolf?,,A 278
Ich glaub' mich knutscht ein Elch!,,A 279
Ghostbusters,,A 280
Und täglich grüßt das Murmeltier,,A 281
Der Vorname,,A 282
Madame Mallory und der Duft von Curry,,A 283
The King's Speech - Die Rede des Königs,,A 284
Amy und die Wildgänse,,A 285
Hidden Figures - Unbekannte Heldinnen,,A 286
Ballet Shoes,Disc 1 - Film,A 287
Ballet Shoes,Disc 2 - Bonus,A 288
Die Glücksritter,"""Trading Places""",A 289
Der Prinz aus Zamunda,"""Coming to America""",A 290
NVA,Von der Sonnenallee in die Volksarmee,A 291
Ballon,,A 292
Amadeus,Disc A - Spielfilm,A 293
Amadeus,Disc B - Specials,A 294
Gundermann - 2 Filme aus 2 Gesellschaften,Gundi Gundermann & Ende der Eisenzeit,A 295
Gundermann,2018,A 296
Bohemian Rhapsody,,A 297
Der Kaufmann von Venedig,,A 298
Luther,Disc 1 - Hauptfilm,A 299
Luther,Disc 2 - Bonus,A 300
Die Vermessung der Welt,,A 301
Geliebte Jane,Jane Austen,A 302
Lost in Austen,Disc 1 / Jane Austen,A 303
Lost in Austen,Disc 2 / Jane Austen,A 304
Sinn und Sinnlichkeit,Jane Austen,A 305
Betty und ihre Schwestern,"""Little Women""",A 306
Stolz und Vorurteil,Jane Austen,A 307
Mansfield Park,2009 / Jane Austen,A 308
Emma,BBC / Disc 1 / Jane Austen,A 309
Emma,BBC / Disc 2 / Jane Austen,A 310
Persuasion,2007 / Jane Austen 21. Century Collection,A 311
Mansfield Park,2007 / Jane Austen 21. Century Collection,A 312
Northanger Abbey,2006 / Jane Austen 21. Century Collection,A 313
Love & Friendship,Jane Austen,A 314
Sturmhöhe,Disc 1 - Hauptfilm,A 315
Sturmhöhe,Disc 2 - The Brontë Connection,A 316
The Tenant of Wildfell Hall,Disc 1,A 317
The Tenant of Wildfell Hall,Disc 2,A 318
Jane Eyre,Disc 1,A 319
Jane Eyre,Disc 2,A 320
Little Dorrit,DVD 1,A 321
Little Dorrit,DVD 2,A 322
Little Dorrit,DVD 3,A 323
Little Dorrit,DVD 4,A 324
I.Q. - Liebe ist relativ,,A 325
French Kiss,,A 326
Harry & Sally,,A 327
e-Mail für Dich,,A 328
Kate & Leopold,,A 329
Schlaflos in Seattle,,A 330
Reise ins Ich,,A 331
It's all about the women,,A 332
Die Akte,"J. Roberts / Seite A & Seite B / ""The Pelican Brief""",A 333
Notting Hill,,A 334
Pretty Woman,,A 335
"Die Braut, die sich nicht traut",,A 336
Erin Brockovich,,A 337
Mona Lisas Lächeln,,A 338
Die Hochzeit meines besten Freundes,,A 339
Verliebt in die Braut,,A 340
Traumfrauen,,A 341
Frühstück bei Tiffany,,A 342
Miss Undercover,,A 343
Was das Herz begehrt,,A 344
Während du schliefst...,,A 345
Das Haus am See,,A 346
Der Teufel trägt Prada,,A 347
Der Club der Teufelinnen,"""The First Wives Club""",A 348
Der Jane Austen Club,,A 349
Selbst ist die Braut,,A 350
Mr. & Mrs. Smith,,A 351
Forever my Girl,,A 352
Overboard,,A 353
Ruth & Alex,,A 354
Book Club,,A 355
Mother's Day,,A 356
Love happens,,A 357
Meine erfundene Frau,,A 358
Weil es dich gibt,,A 359
Wo die Liebe hinfällt,,A 360
Mamma mia! - Der Film,,A 361
When a Man loves a Woman,,A 362
In Sachen Liebe,,A 363
Mia and Me,1/01,A 365
Mia and Me,1/02,A 366
Mia and Me,1/03,A 367
Mia and Me,1/04,A 368
Mia and Me,1/05,A 369
Mia and Me,1/06,A 370
Mia and Me,1/07,A 371
Mia and Me,1/08,A 372
Mia and Me,1/09,A 373
Mia and Me,1/10,A 374
Mia and Me,1/11,A 375
Mia and Me,1/12,A 376
Mia and Me,1/13,A 377
Mia and Me,2/01,A 378
Mia and Me,2/02,A 379
Mia and Me,2/03,A 380
Mia and Me,2/04,A 381
Mia and Me,2/05,A 382
Mia and Me,2/06,A 383
Mia and Me,2/07,A 384
Mia and Me,2/08,A 385
Mia and Me,2/09,A 386
Mia and Me,2/10,A 387
Mia and Me,2/11,A 388
Mia and Me,2/12,A 389
Mia and Me,2/13,A 390
Mia and Me,3/01,A 391
Mia and Me,3/05,A 392
Mia and Me,3/06,A 393
Mia and Me,3/07,A 394
Mia and Me,3/08,A 395
Pinguine aus Madagaskar,King Julien Tag,A 396
Madagaskar 2,,A 397
Yakari,DVD 1,A 399
Yakari,DVD 2,A 400
Angelina Ballerina,Teil 1,A 401
Angelina Ballerina,Teil 2,A 402
"Ric, der Rabe",,A 403
Das kleine Gespenst,,A 404
Landmaus & Stadtmaus auf Reisen,,A 405
"Elefant, Tiger & Co.",Friede nach Babyklau? / DVD 1,A 406
"Elefant, Tiger & Co.",Friede nach Babyklau? / DVD 2,A 407
Die Söhne der großen Bärin,DEFA,A 408
Das Herz des Piraten & Der lange Ritt zur Schule,,A 409
"Chingachgook, die große Schlange",,A 410
Spur der Steine,,A 411
"Königskinder & Mit mir nicht, Madam!",,A 412
Leipzig im Herbst,Geheime Aufnahmen der Montagsdemos,A 413
Das Ende des Politbüros,Dokumentarfilm,A 414
Nikolai-Kirche,Spielfilm-Drama,A 415
Pan Tau,Staffel 1,A 416
Die Geschichte vom goldenen Taler,,A 417
Alfons Zitterbacke,,A 418
"Ottokar, der Weltverbesserer",,A 419
Das Schulgespenst,,A 420
Moritz in der Litfaßsäule,,A 421
Die Reise nach Sundevit,,A 422
Der Prinz und der Abendstern,,A 423
Froschkönig,,A 424
König Drosselbart,,A 425
Sechse kommen um die Welt,,A 426
Fröhliches Madagaskar,Weihnachtsfilm,A 427
Rudolph mit der roten Nase,Weihnachtsfilm,A 428
Die Muppets Weihnachtsgeschichte,Weihnachtsfilm,A 429
Santa Baby,Weihnachtsfilm,A 430
Es ist ein Elch entsprungen,Weihnachtsfilm,A 431
Die Feuerzangenbowle,Weihnachtsfilm,A 432
Weihnachten in Familie [1] 1985-1995,Weihnachtsfilm,A 433
Weihnachten in Familie [2] 2000-2007,Weihnachtsfilm,A 434
"Fröhliche Weihnachten, Mr. Bean",Weihnachtsfilm,A 435
"Tief durchatmen, die Familie kommt",Weihnachtsfilm,A 436
Drei Haselnüsse für Aschenbrödel,Weihnachtsfilm,A 437
Weihnachten mit Astrid Lindgren [2],Weihnachtsfilm / Neues aus Bullerbü & Ferien auf Saltkrokan,A 438
Pippi Langstrumpf geht von Bord,Spielfilm mit Inger Nilsson,A 439
Der Naumburger Meister,,A 440
Das Vermächtnis [1] der Tempelritter,,A 441
Das Vermächtnis [2] des geheimen Buches,,A 442
Narnia [1] Der König von Narnia,,A 443
Narnia [2] Prinz Kaspian von Narnia,,A 444
Narnia [3] Die Reise auf der Morgenröte,,A 445
Laurel & Hardy - Verborgene Perlen,,A 446
Gregs Tagebuch [1] Von Idioten umzingelt,,A 447
Gregs Tagebuch [2] Gibt's Probleme?,,A 448
Gregs Tagebuch [3] Ich war's nicht!,,A 449
Ice Age,DVD 1,A 450
Ice Age,DVD 2 (Bonus),A 451
Lauras Stern,Disc 1 - Hauptfilm,A 452
Lauras Stern,Disc 2 - Specials,A 453
Titanic,Disc 1 - Teil 1,A 454
Titanic,Disc 2 - Teil 2,A 455
Titanic,Disc 3 - Bonus,A 456
Charlie Chaplin,,A 457
Zwerg Nase,,A 458
Das bucklige Pferdchen,,A 459
Die wilden Kerle 1,,A 460
Die wilden Kerle 2,,A 461
Werner - Das muss kesseln!,,A 462
Madagaskar,,A 463
Pippi Langstrumpf,1 / TV-Episoden,A 464
Pippi Langstrumpf,2 / TV-Episoden,A 465
Pippi Langstrumpf,3 / TV-Episoden,A 466
Pippi Langstrumpf,4 / TV-Episoden,A 467
Pippi Langstrumpf,5 / TV-Episoden,A 468
Nils Holgersson,Zeichentrick-Serie / Folgen 1-6,A 469
Unser Sandmännchen - Traumsand in Gefahr,mit Plumps und Pittiplatsch,A 470
"Unser Sandmännchen - La, le, lu",mit Plumps und Pittiplatsch,A 471
Sendung mit der Maus - Gute-Nacht-Geschichten,,A 472
Adolars phantastische Abendteuer,,A 473
"Hilfe, ich habe meine Lehrerin geschrumpft",,A 474
Willkommen bei den Hartmanns,,A 475
Love's Kitchen - Ein Dessert zum Verlieben,,A 476
Mr. Bean - Der Gruselfilm,,A 477
Mr. Bean,1/01,A 478
Mr. Bean,1/02,A 479
Mr. Bean,1/03,A 480
Mr. Bean,1/04,A 481
Mr. Bean,1/05,A 482
Mr. Bean,1/06,A 483
Pinguine aus Madagaskar,Operation: Impossible Possible,A 484
Pinguine aus Madagaskar,Das Geheimnis der Weihnacht,A 485
Pinguine aus Madagaskar,Operation: Ferienspaß,A 486
Pinguine aus Madagaskar,Geheimauftrag: Pinguine,A 487
Pinguine aus Madagaskar,Spezialeinheit: Pinguin,A 488
Pinguine aus Madagaskar - Der Film,,A 489
Timm Thaler oder Das verkaufte Lachen,,A 490
Mia and Me,3/02,A 491
Mia and Me,3/03,A 492
Mia and Me,3/04,A 493
Das fliegende Klassenzimmer,,A 494
Frau Müller muss weg!,,A 495
Florence Foster Jenkins,,A 496
Little Amadeus,1,A 497
Little Amadeus,2,A 498
Little Amadeus,3,A 499
Little Amadeus,4,A 500
Little Amadeus,5,A 501
Little Amadeus,6,A 502
Little Amadeus,7,A 503
Little Amadeus,8,A 504
Pettersson und Findus,,A 505
Lotte im Dorf der Erfinder,,A 506
Pittiplatsch im Koboldland,Teil 2 / DVD 1,A 507
Pittiplatsch im Koboldland,Teil 2 / DVD 2,A 508
Charlie und die Schokoladenfabrik,,A 509
Herr der Diebe,,A 510
"Arthur, der Engel",,B 1
Unser Sandmännchen - Tierbabys,,B 2
Prinzessin Lillifee,,B 3
Mullewapp,,B 4
Bibi Blocksberg,DVD 1,B 5
Bibi Blocksberg,DVD 2,B 6
Desperate Housewives,Staffel 1 / Disc 1,B 7
Desperate Housewives,Staffel 1 / Disc 2,B 8
Desperate Housewives,Staffel 1 / Disc 3,B 9
Desperate Housewives,Staffel 1 / Disc 4,B 10
Desperate Housewives,Staffel 1 / Disc 5,B 11
Desperate Housewives,Staffel 1 / Disc 6,B 12
Marvi Hämmer,1/01,B 13
Marvi Hämmer,1/02,B 14
Marvi Hämmer,1/03,B 15
Marvi Hämmer,1/04 Bonus-DVD,B 16
Marvi Hämmer,2/01,B 17
Marvi Hämmer,2/02,B 18
Marvi Hämmer,2/03,B 19
Marvi Hämmer,2/04,B 20
Nachts im Museum,Das geheimnisvolle Grabmal,B 21
Jagdfieber 1,,B 22
Jagdfieber 2,,B 23
Jagdfieber 3,,B 24
Willi will's wissen,Abenteuer & Dunkle Höhlen,B 25
Willi will's wissen,Fischer & Krabbenkutter,B 26
Willi will's wissen,Fähre & Hafen Hamburg,B 27
Spion in Spitzenhöschen,Doris Day,B 28
Was diese Frau so alles treibt,Doris Day (Happy-Seife),B 29
Snowden,,B 30
Petterson,selbst gebrannt,B 31
Lilalu - Abenteuer im Schepperland,1,B 32
Lilalu - Abenteuer im Schepperland,2,B 33
Lilalu - Abenteuer im Schepperland,3,B 34
Lilalu - Abenteuer im Schepperland,4,B 35
Lilalu - Abenteuer im Schepperland,5,B 36
Lilalu - Abenteuer im Schepperland,6,B 37
Percy Jackson - Diebe im Olymp,,B 38
Die Weihnachtsgans Auguste,DEFA-Farbfilm,B 39
Die Zauberflöte für Kinder,Oper Zürich,B 40
Familie Feuerstein,3/1,B 41
Familie Feuerstein,3/2,B 42
Familie Feuerstein,3/3,B 43
Familie Feuerstein,3/4,B 44
Familie Feuerstein,3/5,B 45
Der Mann in Mamis Bett,Doris Day (Patchworkfamilie),B 47
My Fair Lady,mit Audrey Hepburn,B 48
The Crown,Staffel 1 / Disc 1,B 49
The Crown,Staffel 1 / Disc 2,B 50
The Crown,Staffel 1 / Disc 3,B 51
The Crown,Staffel 1 / Disc 4,B 52
Der Gendarm von Saint-Tropez,Louis de Funès,B 53
"Nicht mit mir, meine Herren",Doris Day (Hummer & Eisenbahn),B 54
Wissen macht Ah!,Thema: Erde,A 239
Wissen macht Ah!,Thema: Feuer,A 240
Wissen macht Ah!,Thema: Wasser,A 241
Pippi Langstrumpf,6 / TV-Episoden,B 55
Der kleine König,"Sommergeschichten + Bonusfilm ""Hoffotograf""",B 56
Desperate Housewives,Staffel 2 / Disc 1,B 57
Desperate Housewives,Staffel 2 / Disc 2,B 58
Desperate Housewives,Staffel 2 / Disc 3,B 59
Desperate Housewives,Staffel 2 / Disc 4,B 60
Desperate Housewives,Staffel 2 / Disc 5,B 61
Desperate Housewives,Staffel 2 / Disc 6,B 62
Desperate Housewives,Staffel 2 / Disc 7 (Extras),B 63
Desperate Housewives,Staffel 3 / Disc 1,B 64
Desperate Housewives,Staffel 3 / Disc 2,B 65
Desperate Housewives,Staffel 3 / Disc 3,B 66
Desperate Housewives,Staffel 3 / Disc 4,B 67
Desperate Housewives,Staffel 3 / Disc 5,B 68
Desperate Housewives,Staffel 3 / Disc 6,B 69
Desperate Housewives,Staffel 4 / Disc 1,B 70
Desperate Housewives,Staffel 4 / Disc 2,B 71
Desperate Housewives,Staffel 4 / Disc 3,B 72
Desperate Housewives,Staffel 4 / Disc 4,B 73
Desperate Housewives,Staffel 4 / Disc 5,B 74
The Crown,Staffel 2 / Disc 1,B 75
The Crown,Staffel 2 / Disc 2,B 76
The Crown,Staffel 2 / Disc 3,B 77
The Crown,Staffel 2 / Disc 4,B 78
Das doppelte College,mit Margaret Rutherford,B 79
Das Teufelsweib von Texas,Doris Day (Schafzüchterin in Wyoming),B 80
Sully,Das Wunder vom Hudson River,B 81
Maleficent [2] Mächte der Finsternis,,B 82
Blaues Hawaii,Elvis Presley & Angela Lansbury,B 83
Ein Sommer in Florida,Elvis Presley,B 84
Nur nicht Millionär sein,Elvis Presley,B 85
Robin Hood - König der Diebe,Kevin Costner,B 86
The Crown,Staffel 3 / Disc 1,B 87
The Crown,Staffel 3 / Disc 2,B 88
The Crown,Staffel 3 / Disc 3,B 89
The Crown,Staffel 3 / Disc 4,B 90
Grand Budapest Hotel,,B 91
Desperate Housewives,Staffel 5 / Disc 1,B 92
Desperate Housewives,Staffel 5 / Disc 2,B 93
Desperate Housewives,Staffel 5 / Disc 3,B 94
Desperate Housewives,Staffel 5 / Disc 4,B 95
Desperate Housewives,Staffel 5 / Disc 5,B 96
Desperate Housewives,Staffel 5 / Disc 6,B 97
Desperate Housewives,Staffel 5 / Disc 7,B 98
Desperate Housewives,Staffel 6 / Disc 1,B 99
Desperate Housewives,Staffel 6 / Disc 2,B 100
Desperate Housewives,Staffel 6 / Disc 3,B 101
Desperate Housewives,Staffel 6 / Disc 4,B 102
Desperate Housewives,Staffel 6 / Disc 5,B 103
Desperate Housewives,Staffel 6 / Disc 6,B 104
Desperate Housewives,Staffel 7 / Disc 1,B 105
Desperate Housewives,Staffel 7 / Disc 2,B 106
Desperate Housewives,Staffel 7 / Disc 3,B 107
Desperate Housewives,Staffel 7 / Disc 4,B 108
Desperate Housewives,Staffel 7 / Disc 5,B 109
Desperate Housewives,Staffel 7 / Disc 6,B 110
Desperate Housewives,Staffel 8 / Disc 1,B 111
Desperate Housewives,Staffel 8 / Disc 2,B 112
Desperate Housewives,Staffel 8 / Disc 3,B 113
Desperate Housewives,Staffel 8 / Disc 4,B 114
Desperate Housewives,Staffel 8 / Disc 5,B 115
Desperate Housewives,Staffel 8 / Disc 6,B 116
Green Book,,B 117
Die Berufung,Ihr Kampf für Gerechtigkeit,B 118
Das krumme Haus,Agatha Christie (Crooked House),B 119
Das schönste Kleid der Welt,Angela Lansbury,B 120
Knives Out,Mord ist Familiensache,B 121
